id,tendencia,explicación,url,media,time,suceso
0,ClubParís,Por el anuncio de Martín Guzmán,https://t.co/9qntlFmY0C,https://pbs.twimg.com/ext_tw_video_thumb/1407430289702457345/pu/img/hPjCc2lsxwKGrxcd.jpg,2021-06-22 20:08:40,político
1,HoracioGonzález,Porque informan que murió a sus 77 años,https://t.co/0NiSng7sZr,https://pbs.twimg.com/media/E4gyPlYWEAod15i.jpg,2021-06-22 20:07:46,conmemorativo
2,GritaloPorD10S,Por la iniciativa de @Argentina,https://t.co/gLA2OAChVU,https://pbs.twimg.com/ext_tw_video_thumb/1403351185852145666/pu/img/9o8NUMN8LJ6ISGxQ.jpg,2021-06-22 18:49:55,conmemorativo
3,DelPotro,Porque no participará en #Tokyo2020,https://t.co/mlg53R12ep,https://pbs.twimg.com/media/E4gDXGKWQAgpwy5.jpg,2021-06-22 16:42:57,deportivo
4,Metallica,Porque anunció #TheMetallicaBlacklist,https://t.co/pKoMtoJhP7,https://pbs.twimg.com/media/E4fpfOsXIAsMZZ_.jpg,2021-06-22 14:49:54,artístico
5,UEFA,Porque rechazó la petición para que el Allianz Arena se ilumine con los colores del arcoíris durante el próximo partido de Alemania en la #EURO2020,https://t.co/1vO3E8Kj6n,https://pbs.twimg.com/media/E4fpZLeWEAMmgX6.png,2021-06-22 14:49:29,aislado
6,MerylStreep,Porque cumple 72 años,https://t.co/qDa8FHmbRj,https://pbs.twimg.com/media/E4faXF1WQAALuGK.jpg,2021-06-22 13:43:48,conmemorativo
7,Abdala,"Porque informan que esa vacuna contra el #COVID19 tiene un 92,28% de eficacia",https://t.co/yXspRQmfcN,https://pbs.twimg.com/media/E4fW8tzWYAY-Iqw.jpg,2021-06-22 13:28:54,covid
8,Maradona,Porque se cumplen 35 años desde sus dos goles para la victoria de la Selección Argentina ante Inglaterra en #Mexico86,https://t.co/ENgOsWa7bA,https://pbs.twimg.com/ext_tw_video_thumb/1321597364629590016/pu/img/evbAE7WkPGFugoTM.jpg,2021-06-22 13:16:31,conmemorativo
9,Papu,Porque Alejandro Gómez convirtió el gol para la victoria de la Selección Argentina,https://t.co/9b6NInVzrZ,https://pbs.twimg.com/media/E4chVCnWYAAbvUp.jpg,2021-06-22 2:16:28,deportivo
10,ARGPAR,Porque la Selección Argentina venció a Paraguay y clasificó a los cuartos de la #CopaAmerica,https://t.co/Nj4lu0fwFw,https://pbs.twimg.com/media/E4c5t-eXwAIXFTu.jpg,2021-06-22 2:01:56,deportivo
11,JuegaMessi,Porque informan que Lionel Messi será titular en el partido de la Selección Argentina ante Paraguay,https://t.co/NcNbsaVani,https://pbs.twimg.com/media/E4cLmW7XMAQYkLB.jpg,2021-06-21 22:40:27,deportivo
12,Formosa,Por las declaraciones de Michelle Bachelet en el #CDH47,https://t.co/k1YvRxHNnK,https://pbs.twimg.com/media/E4cHdz-XIAUk6Cm.jpg,2021-06-21 22:22:24,político
13,CarlaVizzotti,Por sus declaraciones sobre las vacunas contra el #COVID19,https://t.co/IuvxsWHUv3,https://pbs.twimg.com/media/E4b4HonXoAMJ72x.png,2021-06-21 21:15:20,covid
14,250NOW,"Por la nueva canción de MYA, Tini y Duki ",https://t.co/NpEGwJ6x2h,https://pbs.twimg.com/media/E4b3-R0XoAIBJho.jpg,2021-06-21 21:14:42,artístico
15,Samid,Por la difusión de este video,https://t.co/zoqZsjQ3qf,https://pbs.twimg.com/ext_tw_video_thumb/1407080200811188227/pu/img/vhNeiVNOWrYQ5C96.jpg,2021-06-21 21:13:51,aislado
16,Dinamarca,Porque derrotó a Rusia y clasificó a los octavos de la #EURO2020,https://t.co/yavXhrQ1mI,https://pbs.twimg.com/media/E4b0pUXWUAAGhPS.jpg,2021-06-21 21:00:09,deportivo
17,Austria,Porque venció a Ucrania y enfrentará a Italia en los octavos de la #EURO2020,https://t.co/4KOCQMbzJa,https://pbs.twimg.com/media/E4bRNbjXEAEoQo0.jpg,2021-06-21 18:25:20,deportivo
18,FreePaulo,Por el pedido para que Paulo Londra pueda volver a publicar música,https://t.co/MELhlbP1Fr,https://pbs.twimg.com/media/E4bOzJwWUAQhHjO.jpg,2021-06-21 18:14:49,aislado
19,ArgentinaMéxico,Porque convocaron a sus embajadores en Nicaragua para consultarles sobre 'las preocupantes acciones políticas-legales realizadas por el gobierno nicaragüense en los últimos días',https://t.co/sG0vMMSoR5,https://pbs.twimg.com/media/E4a-hPoXEAQ5wBq.png,2021-06-21 17:03:41,político
20,Arboleda,Porque deja de ser arquero de Banfield,https://t.co/JtElnnhqnz,https://pbs.twimg.com/media/E4a-Nv7XoAYMtIg.jpg,2021-06-21 17:02:21,deportivo
21,Randazzo,Por un artículo de Clarín,https://t.co/RLn4H99HGS,https://images.clarin.com/2021/05/15/el-ex-ministro-florencio-randazzo___3getVbRR9_1256x620__1.jpg,2021-06-21 17:01:53,político
22,Ariana,Por el estreno de #PovLivePerformance,https://t.co/GJjtiYjQxw,https://pbs.twimg.com/media/E4a1CjbXoAI_BP0.jpg,2021-06-21 16:22:15,artístico
23,El38%,Por un informe de la Dirección Nacional de Migraciones,https://t.co/wHWxkB5SqQ,https://pbs.twimg.com/media/E4ab58mWEAIBnaS.png,2021-06-21 14:32:27,político
24,CafeEnMano,Por el stream de @Lbaini,https://t.co/twhZxPSvVy,https://pbs.twimg.com/media/E4aNDcIWEAQ5Msy?format=jpg&name=360x360,2021-06-21 14:31:55,aislado
25,Delta,Por la detección de esa variante de coronavirus en un viajero proveniente de Estados Unidos,https://t.co/Ztj31l2b63,https://pbs.twimg.com/media/E4aZkJ-X0AEjh-e.png,2021-06-21 14:22:13,covid
26,Brandoni,Por el hilo que publicó @docdalessandro,https://t.co/aFCcqKop3r,https://pbs.twimg.com/media/E4aX4mHWYAAjslU.png,2021-06-21 14:14:52,aislado
27,AstraZeneca,Porque llegaron al país 1.139.000 dosis de esa vacuna contra el #COVID19,https://t.co/lU564lnk1t,https://pbs.twimg.com/media/E4aT4iHWEAAabd7.jpg,2021-06-21 13:57:24,covid
28,Quini6,Porque un apostador de Córdoba ganó casi 193 millones de pesos en ese juego,https://t.co/h4WAQcscm5,https://pbs.twimg.com/media/E4aTofxXEAIvhDs.jpg,2021-06-21 13:56:18,aislado
29,Perú,Porque venció a Colombia en la fase de grupos de la #CopaAmerica,https://t.co/JtBLv9i7IN,https://pbs.twimg.com/media/E4XubUmXwAAabNN.jpg,2021-06-21 1:54:30,deportivo
30,MorenaBeltrán,Por el video que publicó @morenabeltran10,https://t.co/pELIlX67Ps,https://pbs.twimg.com/ext_tw_video_thumb/1406750812169281538/pu/img/5kpdlJ3eXCN4VJSh.jpg,2021-06-21 1:02:37,aislado
31,Crece,Por un artículo de @LANACION,https://t.co/LXScFAh2uB,https://pbs.twimg.com/media/E4XZiSVWQAgpbCv?format=jpg&name=small,2021-06-21 1:00:48,mediático
32,Venezuela,Porque empató con Ecuador en la fase de grupos de la #CopaAmerica,https://t.co/O5bCfzAXHX,https://pbs.twimg.com/media/E4XKyS4XoAkq7Ar.jpg,2021-06-20 23:18:47,deportivo
33,JuanForn,Porque informan que murió a sus 61 años,https://t.co/NK2W9Bur55,https://pbs.twimg.com/media/E4XKqoBWQAQiq7q.jpg,2021-06-20 23:18:16,trágico
34,UEFA,Porque había iniciado una revisión sobre la cinta de capitán de Manuel Neuer,https://t.co/IuFmPAnf1R,https://pbs.twimg.com/media/E4W2_mpXwAcF9Zm.jpg,2021-06-20 21:52:20,deportivo
35,RayoVallecano,Porque derrotó a Girona y ascendió a #LaLiga,https://t.co/QGMKjpJ2bz,https://pbs.twimg.com/media/E4Wxy-iX0AYFs-6.jpg,2021-06-20 21:29:37,deportivo
36,Afroamericanos,Por las declaraciones de Alberto Fernández,https://t.co/3zJw3zpi9L,https://pbs.twimg.com/ext_tw_video_thumb/1406725610760724480/pu/img/1KzmjeD8PLsPIABZ.jpg,2021-06-20 21:28:30,político
37,Gales,Porque perdió ante Italia y clasificó a los octavos de la #EURO2020,https://t.co/fDhHmvtfIh,https://pbs.twimg.com/media/E4WB-wGXIAYoLwJ.jpg,2021-06-20 18:00:42,deportivo
38,Dalas,Por las respuestas de @DalasReview a un tweet de @baalkisses,https://t.co/hyVEkhTDKc,https://pbs.twimg.com/media/E4WBsmXWQAAt6gE.jpg,2021-06-20 17:59:29,aislado
39,Juanita,Por sus preguntas a Gladys Florimonte en #LaNocheDeML,https://t.co/BXYOoF474F,https://pbs.twimg.com/ext_tw_video_thumb/1406643426184019970/pu/img/HQHustobTlr-YRiG.jpg,2021-06-20 16:03:41,mediático
40,Verstappen,Porque ganó el #FrenchGP de la #Formula1,https://t.co/0N6nHfA5Ui,https://pbs.twimg.com/media/E4VTO2aX0AoBezV.jpg,2021-06-20 14:36:27,deportivo
41,Bucks,Porque vencieron a Brooklyn Nets y avanzaron a la final de conferencia en los #NBAPlayoffs,https://t.co/XB0pR9WZAL,https://pbs.twimg.com/media/E4S7QzkXMAE3CSl.jpg,2021-06-20 3:32:29,deportivo
42,DiaDeLaBandera,Porque se conmemora el fallecimiento de Manuel Belgrano,https://t.co/tNiCaOqHdr,https://pbs.twimg.com/media/E4S4C8ZWYAYvdMJ.jpg,2021-06-20 3:18:26,conmemorativo
43,ManuelBelgrano,Porque se cumplen 201 años desde su fallecimiento,https://t.co/drsWsQH3yb,https://pbs.twimg.com/media/E4S2lGQWEAYvfmy.jpg,2021-06-20 3:12:01,conmemorativo
44,Duhalde,Por sus declaraciones sobre Alberto Fernández en #EstudioAbierto,https://t.co/JC7u0O58o2,https://pbs.twimg.com/ext_tw_video_thumb/1406434431297073154/pu/img/LDpaLdekhxpw6cIJ.jpg,2021-06-20 2:11:21,político
45,Mayra,Por el tweet que publicó @mayrasmendoza,https://t.co/nCinr27OY5,https://pbs.twimg.com/media/E4RAzjzWQAYNW2g.jpg,2021-06-19 18:37:28,aislado
46,Exitosa,Por un artículo de Infobae,https://t.co/x5hN3ly5F2,https://pbs.twimg.com/media/E4RApq0WEAQoqC8.jpg,2021-06-19 18:36:47,mediático
47,Alemania,Porque venció a Portugal en la fase de grupos de la #EURO2020,https://t.co/Xpa3y2hW8S,https://pbs.twimg.com/media/E4Q3Dp7XMAM0R5O.jpg,2021-06-19 17:54:52,deportivo
48,Depay,Porque es nuevo jugador del Barcelona,https://t.co/YnhopfAEfa,https://pbs.twimg.com/media/E4QsCFiWYAUhk6b.jpg,2021-06-19 17:06:42,deportivo
49,LosNocheros,Por las declaraciones de Kike Teruel en #ArribaCordoba sobre el #COVID19,https://t.co/qFVrqeMf5K,https://pbs.twimg.com/ext_tw_video_thumb/1406280349542502401/pu/img/oE3kc8TS7G-jqRcR.jpg,2021-06-19 16:00:02,covid
50,Crueldad,Por las declaraciones de Santiago Cafiero en #LlegóElSábado,https://t.co/kbM1FdMYzF,https://pbs.twimg.com/media/E4QR9BBXIAECDeJ.jpg,2021-06-19 15:12:46,político
51,Freijo,Por tweets que publicó @mariaFFreijo,https://t.co/rHK0hNaxvD,https://pbs.twimg.com/media/E4QRVPfWYAI2DTf.jpg,2021-06-19 15:10:03,aislado
52,Hungría,Porque empató con Francia en la fase de grupos de la #EURO2020,https://t.co/elQwexO07G,https://pbs.twimg.com/media/E4QPTEzWYAEZ7yo.jpg,2021-06-19 15:01:09,deportivo
53,MessiCM,Por publicaciones de Lionel Messi en Instagram,https://t.co/95gDhFMi7w,https://pbs.twimg.com/media/E4QLmFxXIAIs9Xd.jpg,2021-06-19 14:45:00,aislado
54,JuanAlberdi,Porque se cumplen 137 años desde su fallecimiento,https://t.co/JRltztu2qX,https://pbs.twimg.com/media/E4QAEpFXoAM1iRZ.jpg,2021-06-19 13:54:38,conmemorativo
55,Aguinaldo,Por el tweet que publicó @chino_navarrook,https://t.co/jckBBm56Fv,https://pbs.twimg.com/media/E4P_5luXwAAif5a.jpg,2021-06-19 13:53:54,aislado
56,Tarados,Por las declaraciones de Axel Kicillof,https://t.co/17MbKjAa23,https://pbs.twimg.com/ext_tw_video_thumb/1406242671501484033/pu/img/H9UOIVIwz6Emh_FJ.jpg,2021-06-19 13:29:25,político
57,JoséArtigas,Porque se cumplen 257 años desde su nacimiento,https://t.co/vsRqytYNXp,https://pbs.twimg.com/media/E4P6JPcWQAIdhBY.jpg,2021-06-19 13:28:45,conmemorativo
58,Pasman,Por sus declaraciones sobre Lionel Messi en #Intratables,https://t.co/iI01sNKTl5,https://pbs.twimg.com/ext_tw_video_thumb/1406234464062214147/pu/img/_98z5FN1zg_YPid2.jpg,2021-06-19 12:58:13,mediático
59,VamosSelección,Por la victoria de Argentina ante Uruguay en la fase de grupos de la #CopaAmerica,https://t.co/XPGuDMRmmn,https://pbs.twimg.com/media/E4NcBTSXwAE1CeY.jpg,2021-06-19 1:57:53,deportivo
60,Macri,Por sus declaraciones en Diario El Sol,https://t.co/apTUy3GqCX,https://pbs.twimg.com/media/E4M8v7zWUAI0i9M.png,2021-06-18 23:41:15,político
61,Escocia,Porque igualó con Inglaterra en la fase de grupos de la #EURO2020,https://t.co/eq04efQpke,https://pbs.twimg.com/media/E4MWjX8XIAIpWIL.jpg,2021-06-18 20:54:22,deportivo
62,Ibai,Porque anunció que compró los derechos de la #CopaAmerica y la transmitirá gratis para España en su canal de Twitch,https://t.co/x1gEOLv4Yg,https://pbs.twimg.com/media/E4MP6EIXwA8_vze.jpg,2021-06-18 20:25:21,aislado
63,AySA,Por la inauguración de un Banco Rojo contra la violencia de género,https://t.co/EqLFPPwIrl,https://pbs.twimg.com/media/E4MLtOBXIAgPlCB.jpg,2021-06-18 20:07:00,político
64,Taylor,Porque anunció el lanzamiento de #RedTaylorsVersion para el 19 de noviembre,https://t.co/ytKKRyIMme,https://pbs.twimg.com/media/E4LxM_hWYAAsZrA.jpg,2021-06-18 18:11:12,artístico
65,Honor,"Porque informan que Alberto Fernández demandará a Patricia Bullrich por 'daños contra el honor', tras no llegar a un acuerdo en la mediación",https://t.co/FikZbNMxla,https://pbs.twimg.com/media/E4LsdO9WQAEX8gX.jpg,2021-06-18 17:50:28,político
66,DanielSantoro,Porque informan que fue procesado por tentativa de extorsión,https://t.co/GgcpE9Zap0,https://pbs.twimg.com/media/EzXJyYaUcAISSPc.jpg,2021-06-18 16:01:00,político
67,Sinopharm,Por el anuncio de @Aerolineas_AR,https://t.co/ul2MAifE3r,https://external-content.duckduckgo.com/iu/?u=https%3A%2F%2Fwww.baenegocios.com%2F__export%2F1619472587435%2Fsites%2Fcronica%2Fimg%2F2021%2F04%2F26%2Fsinohparm.jpeg_1595070056.jpeg&f=1&nofb=1,2021-06-18 15:46:56,covid
68,Sosa,Por los comentarios sobre su pelo,https://t.co/tu9LAU2KNM,https://pbs.twimg.com/media/E4LQHxzWQAAXQSi.jpg,2021-06-18 15:46:39,aislado
69,PaulMcCartney,Porque cumple 79 años,https://t.co/3Z5OJjfftI,https://pbs.twimg.com/media/E4K6WKRXMAEyfbH.jpg,2021-06-18 14:11:31,conmemorativo
70,Élite,Porque su cuarta temporada ya está disponible en Netflix,https://t.co/4JtKZT7ESC,https://elrincondenetflix.com/wp-content/uploads/2020/02/elite-netflix-kbOB-1248x698@abc.jpg,2021-06-18 14:10:40,artístico
71,Kemba,Porque informan que Walker será jugador de Oklahoma City Thunder,https://t.co/oynIY8FRi3,https://pbs.twimg.com/media/E4K6DDVXwAE6N7i.jpg,2021-06-18 14:10:13,deportivo
72,Embarazadas,Porque ya pueden inscribirse para la vacunación contra el #COVID19 en la Ciudad de Buenos Aires,https://t.co/bYakaMj9WB,https://media.cdn.eldestapeweb.com/eldestape/062021/1623851816868.webp?cw=770&ch=440&extw=jpg,2021-06-18 14:09:41,covid
73,Lamothe,Por el anuncio de #LaUno,https://t.co/ehddrqCL2G,https://pbs.twimg.com/ext_tw_video_thumb/1405644394603106310/pu/img/FRD2ICF3QYNlCgUV.jpg,2021-06-18 0:31:21,mediático
74,LOLAKHEA,Por su nueva canción #CULO,https://t.co/3QCM7gHcXN,https://pbs.twimg.com/media/E4Hjy2kWYAQrkVe.jpg,2021-06-17 22:34:08,artístico
75,EstebanRolón,Porque es nuevo jugador de Boca,https://t.co/Ei6bDraO0p,https://pbs.twimg.com/media/E4HeNevXwAQSPCO.jpg,2021-06-17 22:09:44,deportivo
76,NorbertoBriasco,Porque es nuevo jugador de Boca,https://t.co/ox6kA0u91l,https://pbs.twimg.com/media/E4HeHhOXEAQz8mw.jpg,2021-06-17 22:09:20,deportivo
77,VUELOCALIFORNIA,Por la nueva canción de LIT killah,https://t.co/NJ51PrwWDL,https://pbs.twimg.com/media/E4Hdb2DWUAQF7r3.jpg,2021-06-17 22:06:21,artístico
78,PaísesBajos,Porque venció a Austria y clasificó a los octavos de la #EURO2020,https://t.co/8JGUpbLZ1P,https://pbs.twimg.com/media/E4HNolrXwAUwlx_.jpg,2021-06-17 20:57:19,deportivo
79,Cafú,Por su participación en #LiberoVS,https://t.co/x3WmYzvony,https://pbs.twimg.com/media/E4HCAIJXIAUJmiN.jpg,2021-06-17 20:06:29,mediático
80,LaAnticorrupción,Porque informan que denunció a Mauricio Macri por enriquecimiento ilícito,https://t.co/zckEMKt67N,https://pbs.twimg.com/media/E4G_NykX0AY8R3l.jpg,2021-06-17 19:54:19,político
81,Vaticano,Por las declaraciones del Papa Francisco sobre la propiedad privada,https://t.co/Ap1CbphJIY,https://pbs.twimg.com/ext_tw_video_thumb/1405585621905776641/pu/img/16cJI-IljngooCCx.jpg,2021-06-17 17:58:31,político
82,Bélgica,Porque derrotó a Dinamarca en la fase de grupos de la #EURO2020,https://t.co/XtVMR2acZb,https://pbs.twimg.com/media/E4GkjBfWEAYhpYg.jpg,2021-06-17 17:57:48,deportivo
83,Cascini,Por las declaraciones de Sebastián Vignolo en #ESPNF90,https://t.co/1HoGIB0EbC,https://pbs.twimg.com/media/E4GMHdDWUAMSMWb.jpg,2021-06-17 17:04:42,deportivo
84,Parma,Por el regreso de Gianluigi Buffon,https://t.co/iE0QKxV5HS,https://pbs.twimg.com/media/E4EliuDXwAEg1eU.jpg,2021-06-17 15:14:39,deportivo
85,Rapallini,Porque dirige el partido de la #EURO2020 entre Ucrania y Macedonia del Norte,https://t.co/aoKHzpAolQ,https://pbs.twimg.com/media/E4FzTxOUUA42Tf0.jpg,2021-06-17 14:22:40,deportivo
86,Ponzio,Porque fue diagnosticado con miocarditis por el contagio de #COVID19 y deberá guardar reposo deportivo hasta su recuperación,https://t.co/1A2ZEsYUJN,https://pbs.twimg.com/media/E4FyO1lVcAYPOBG.jpg,2021-06-17 14:17:58,covid
87,FernandoPeña,Porque se cumplen 12 años desde su fallecimiento,https://t.co/Dfodsr44Rv,https://pbs.twimg.com/media/E4Fse6yVcAgrb2Q.jpg,2021-06-17 13:52:51,conmemorativo
88,SergioRamos,Porque se despidió del Real Madrid,https://t.co/al1MIMRSzu,https://pbs.twimg.com/media/E4FruqNUUAA8qUQ.jpg,2021-06-17 13:49:33,deportivo
89,MartínGüemes,Porque se cumplen 200 años desde su fallecimiento,https://t.co/2ZXkAYMQul,https://pbs.twimg.com/media/E4FridoVUAAjO4s.jpg,2021-06-17 13:48:43,conmemorativo
90,RafaelNadal,Porque anunció que no jugará #Wimbledon ni #Tokyo2020,https://t.co/jmIr9gfP0D,https://pbs.twimg.com/media/E4Fq5BPVIAkzQNU.png,2021-06-17 13:45:54,deportivo
91,Hawks,Por su victoria ante Philadelphia 76ers en el #Juego5 de los #NBAPlayoffs,https://t.co/onJR9wtGvE,https://pbs.twimg.com/media/E4DSNhHWUAA_yXs.jpg,2021-06-17 2:38:49,deportivo
92,Yatra,Por una respuesta de @montanertwiter,https://t.co/5hYTElTTUS,https://pbs.twimg.com/media/E4DQeKcXoAYIetj.png,2021-06-17 2:31:13,aislado
93,Tiago,Por el lanzamiento de #NoMeConocenRemix,https://t.co/zt62OvjHxh,https://pbs.twimg.com/media/E4ChslxUUAA92o_.jpg,2021-06-16 23:06:52,artístico
94,Bouzat,Porque Vélez obtuvo el 100% de sus derechos económicos,https://t.co/1USZTLqz1a,https://pbs.twimg.com/media/E4CbFoeUcAM13tz.png,2021-06-16 22:37:59,deportivo
95,Copani,Por su canción #TraiganLaFaiser,https://t.co/dM2vayg0OR,https://pbs.twimg.com/ext_tw_video_thumb/1405272127872245760/pu/img/dL87dInaeOOqcbbw.jpg,2021-06-16 21:13:59,artístico
96,Italia,Porque venció a Suiza y clasificó a los octavos de la #EURO2020,https://t.co/SpqbUCSrs7,https://pbs.twimg.com/media/E4CDc8BVEAUwXts.jpg,2021-06-16 20:54:44,deportivo
97,SergioRamos,Porque se va del Real Madrid,https://t.co/2aQ3UvZQjP,https://pbs.twimg.com/media/E4B0MBdVEAAIiaj.jpg,2021-06-16 19:48:03,deportivo
98,INDEC,"Porque anunció que la inflación fue de 3,3% en mayo",https://t.co/1Wxrq0W4Ft,https://pbs.twimg.com/media/E4BsdNRVkAENHlP.jpg,2021-06-16 19:14:17,político
99,Perspectiva,Por el tweet que publicó @Facundo_Moyano,https://t.co/sUDHnCZeKW,https://pbs.twimg.com/media/E4BrOw4VUAES0lt.jpg,2021-06-16 19:08:56,aislado
100,Ibai,Por su stream junto a L-Gante,https://t.co/x1gEOLv4Yg,https://pbs.twimg.com/media/E4BrACJVEAA7dfy.jpg,2021-06-16 19:08:03,aislado
101,Gales,Porque derrotó a Turquía en la fase de grupos de la #EURO2020,https://t.co/oglCqb8VEI,https://pbs.twimg.com/media/E4BaQ7iVoAMlQBC.jpg,2021-06-16 17:54:47,deportivo
102,Llendo,Por el tweet que publicó @Solanopo,https://t.co/DdwEDdbbv8,https://pbs.twimg.com/media/E4A_XZXUcAAdiuv.png,2021-06-16 15:57:15,aislado
103,AlertaSofía,Por la búsqueda de Guadalupe Belén Lucero Cialone,https://t.co/tt5O35VTfW,https://pbs.twimg.com/media/E4AyQ6NVEAQYMTA.jpg,2021-06-16 15:00:00,trágico
104,Aprender,Por la postergación de esas evaluaciones,https://t.co/rU4XGIGnO3,https://pbs.twimg.com/ext_tw_video_thumb/1405177272793927685/pu/img/oAaD5FjJi9u6Lcvv.jpg,2021-06-16 14:55:53,político
105,CocoBasile,Porque informan que dio positivo de #COVID19 y fue internado,https://t.co/WJ1jg5dWKz,https://pbs.twimg.com/media/E4AtuONVIAAxdkw.jpg,2021-06-16 14:40:10,covid
106,Córdoba,Por la nevada en distintas localidades de esa provincia,https://t.co/1ZJpjCprXj,https://pbs.twimg.com/media/E4Ao0s1VcAkSCMx.jpg,2021-06-16 14:18:46,aislado
107,Licha,Porque informan que Lisandro López vuelve a Racing,https://t.co/za1eUgRpxg,https://pbs.twimg.com/media/E4AoqAHUcAA0bOF.jpg,2021-06-16 14:18:02,deportivo
108,PlazaMayo,"Porque se cumplen 66 años desde que integrantes de la Fuerza Aérea y Aviación Naval la bombardearon, matando a más de 300 personas",https://t.co/ISM6KjYzlr,https://pbs.twimg.com/media/E4AoTLUUUAUK-Tw.jpg,2021-06-16 14:16:28,conmemorativo
109,MykeTowers,Por el lanzamiento de #FielRemix,https://t.co/Y6X0CCphKd,https://pbs.twimg.com/media/E39gRCmWEAMKU8d.jpg,2021-06-15 23:42:31,artístico
110,SOLODANI,Por la nueva canción de Dani Ribba,https://t.co/M9mGUs3nZm,https://pbs.twimg.com/media/E39Kr3OWEAUSSgZ.jpg,2021-06-15 22:08:13,artístico
111,Windows11,Porque reportan filtraciones del nuevo sistema operativo de Microsoft,https://t.co/6krToSv7E4,https://pbs.twimg.com/ext_tw_video_thumb/1404843643685462017/pu/img/yvRWSM8ahDbR4FvE.jpg,2021-06-15 21:34:56,aislado
112,Nicaragua,Porque la OEA aprobó la resolución 'La Situación en Nicaragua' y Argentina se abstuvo en la votación,https://t.co/2PCgpNZJCt,https://pbs.twimg.com/media/E38_x9hXMAA3rgM.jpg,2021-06-15 21:20:36,político
113,Francia,Por su victoria ante Alemania en la fase de grupos de la #EURO2020,https://t.co/LZRRzxcteQ,https://pbs.twimg.com/media/E386XP-XIAA9001.jpg,2021-06-15 20:56:55,deportivo
114,Canosa,Por las declaraciones de Matelda Lisdero en #VivianaConVos,https://t.co/ELwdqMrxcM,https://pbs.twimg.com/ext_tw_video_thumb/1404879388492058624/pu/img/Qk7f5dXBIf9fXgxf.jpg,2021-06-15 19:13:01,mediático
115,ROBLE15,Porque @RobleisIUTU superó los 15 millones de suscriptores en su canal de YouTube,https://t.co/5T9MUr6i1P,https://pbs.twimg.com/media/E38iVpBXoA8h1yE.jpg,2021-06-15 19:11:57,aislado
116,Zelda,Porque Nintendo presentó el #BOTW2,https://t.co/aAh5PlsaQ8,https://pbs.twimg.com/media/E37tfqcXwAksxB7.jpg,2021-06-15 18:04:25,aislado
117,Portugal,Porque venció a Hungría en la fase de grupos de la #EURO2020,https://t.co/rlU3IBKOmL,https://pbs.twimg.com/media/E38Qr79XMAMmIv8.jpg,2021-06-15 17:54:49,deportivo
118,MercadoLibre,Por la difusión de un sorteo falso,https://t.co/TgGAwIEnuO,https://pbs.twimg.com/media/E38QjIIXoAcI4od.jpg,2021-06-15 17:54:13,aislado
119,Pergamino,Porque informan que Alberto Fernández canceló el viaje que tenía previsto,https://t.co/qAfC7SP0vF,https://pbs.twimg.com/media/E38L0ChXwAktExr.jpg,2021-06-15 17:33:32,político
120,Metroid,Por el anuncio de #MetroidDread,https://t.co/cy9SeObkL4,https://pbs.twimg.com/media/E37qJ14WUAcLs6G.jpg,2021-06-15 16:33:46,aislado
121,Samid,Por el tweet que publicó,https://t.co/BL7iXTFi65,https://pbs.twimg.com/media/E37-EPNXMAAk-8m.jpg,2021-06-15 16:33:28,aislado
122,Delta,Por el anuncio sobre la eficacia de #SputnikV contra esa variante del coronavirus,https://t.co/rEBBc4QqgX,https://pbs.twimg.com/media/E372TSrUUAIRC4F.png,2021-06-15 15:59:32,covid
123,FernánQuirós,Por sus declaraciones sobre los dichos de Cristina Kirchner,https://t.co/o389cUgR0M,https://pbs.twimg.com/ext_tw_video_thumb/1404829497480810502/pu/img/vgijW1hpWNO7ybQP.jpg,2021-06-15 15:54:06,político
124,CocaCola,Por lo que hizo Cristiano Ronaldo antes de su conferencia en la #EURO2020,https://t.co/z0fRS08oYY,https://pbs.twimg.com/media/E36aBOnXoAMae8v.jpg,2021-06-15 15:19:25,aislado
125,AmeriCup,Porque la Selección Argentina fue descalificada debido a casos de #COVID19 en su delegación,https://t.co/VxvE6GtWpF,https://pbs.twimg.com/media/E37rnCHVEAE7EZP.png,2021-06-15 15:12:50,covid
126,ReformaUniversitaria,Porque se conmemoran sus 103 años,https://t.co/WK7vsVLZrm,https://pbs.twimg.com/media/E37rbXnVoAAmyzj.jpg,2021-06-15 15:12:02,conmemorativo
127,Paraguay,Por su victoria ante Bolivia en la fase de grupos de la #CopaAmerica,https://t.co/6xio9mPMzf,https://pbs.twimg.com/media/E345TafWUAMNn-7.jpg,2021-06-15 2:13:48,deportivo
128,Pachu,Por su presentación en #LaAcademia,https://t.co/hClkDAZALl,https://pbs.twimg.com/amplify_video_thumb/1404607552051200002/img/c7CCIBO-iWrZJa-7.jpg,2021-06-15 1:16:58,mediático
129,Messi,Por su gol ante Chile en la #CopaAmerica,https://t.co/SzrEkHlJ61,https://pbs.twimg.com/media/E336O3LWUAItXJZ.jpg,2021-06-14 23:06:03,deportivo
130,ARGCHI,Porque Argentina y Chile empataron en la fase de grupos de la #CopaAmerica,https://t.co/Zymsy1Oqb9,https://pbs.twimg.com/media/E34Ny2OWUAMAZ1C.jpg,2021-06-14 23:03:42,deportivo
131,Violetta,Por el anuncio de @DisneyChannelLA,https://t.co/bKz6V3J9nI,https://pbs.twimg.com/media/E34AYLXXMAMsnoT.jpg,2021-06-14 22:05:05,artístico
132,DiegoEterno,Por el homenaje para Diego Maradona en la #CopaAmerica,https://t.co/NgtxCILI6d,https://pbs.twimg.com/media/E33oOfSWYAcv7ol.jpg,2021-06-14 21:03:33,deportivo
133,Laurita,Por el estreno de #ElClubDeLasDivorciadas,https://t.co/yhUTqc027a,https://pbs.twimg.com/amplify_video_thumb/1404508789752184851/img/3hy5vGMVS342yz_f.jpg,2021-06-14 19:56:33,mediático
134,Eslovaquia,Porque derrotó a Polonia en la #EURO2020,https://t.co/4gpwy8Ucge,https://pbs.twimg.com/media/E33IAWVWUAA78Uk.jpg,2021-06-14 17:58:48,deportivo
135,Tobago,Porque Estados Unidos anunció la donación de 80 viales de vacunas Pfizer para Trinidad y Tobago,https://t.co/LhHbIE3Pd1,https://pbs.twimg.com/media/E33GaoUXEAMIJHd.jpg,2021-06-14 17:51:52,covid
136,Schick,Por su gol ante Escocia en la #EURO2020,https://t.co/e8FsuS6lNf,https://pbs.twimg.com/amplify_video_thumb/1404441804506898432/img/NPKn_dqamR9HHh7f.jpg,2021-06-14 14:19:02,deportivo
137,JorgeBorges,Porque se cumplen 35 años desde su fallecimiento,https://t.co/xhDX1D55jd,https://pbs.twimg.com/media/E32P_BjXIAEV9Gg.jpg,2021-06-14 13:54:02,conmemorativo
138,Ganancias,Por las declaraciones de Mercedes Marcó Del Pont en #MañanaSylvestre,https://t.co/6ORkawxoC8,https://pbs.twimg.com/media/E32PSIlXIAkYHIF.jpg,2021-06-14 13:50:58,mediático
139,Chernobyl,Por un informe de #PPTBox,https://t.co/ldPOwsnuiK,https://pbs.twimg.com/media/E32PHjBX0AIiJ-X.png,2021-06-14 13:50:15,mediático
140,Suns,Porque derrotaron a Denver Nuggets y avanzaron a la final de conferencia en los #NBAPlayoffs,https://t.co/inW9VHQdui,https://pbs.twimg.com/media/E3z12cAXwAAcpKy.jpg,2021-06-14 2:40:37,deportivo
141,Cardona,Porque convirtió el gol para la victoria de Colombia ante Ecuador,https://t.co/9vJGaRmJRx,https://pbs.twimg.com/amplify_video_thumb/1404239328767840256/img/5lSzWJr3jqzQN8vY.jpg,2021-06-14 2:03:08,deportivo
142,Colombia,Porque venció a Ecuador en la fase de grupos de la #CopaAmerica,https://t.co/FKrad7nGqE,https://pbs.twimg.com/media/E3ztJlXWEAIYoK7.jpg,2021-06-14 2:02:36,deportivo
143,PatoLarralde,Porque informan que falleció a sus 55 años,https://t.co/Y8TqtxzD2Z,https://pbs.twimg.com/media/E3zi1R_XMAE2QRy.jpg,2021-06-14 1:17:31,conmemorativo
144,IngridBeck,Por la creación del sitio reacciónconservadora.net donde 'se pueden encontrar personas y organizaciones y sus relaciones con la reacción conservadora',https://t.co/YOm2LYegfa,https://pbs.twimg.com/media/E3y3JwjXMAAOTkW.jpg,2021-06-13 22:06:43,político
145,Yarmolenko,Por su gol ante #NED en la #EURO2020,https://t.co/BNOg2B6nTw,https://pbs.twimg.com/amplify_video_thumb/1404174862264979461/img/S0fMkzvA8w57J0-G.jpg,2021-06-13 20:59:19,deportivo
146,PaísesBajos,Por su victoria ante Ucrania en la fase de grupos de la #EURO2020,https://t.co/bYPDcM56Sc,https://pbs.twimg.com/media/E3ynQR9XIAM2aNt.jpg,2021-06-13 20:57:13,deportivo
147,Xbox,Por los anuncios de #XboxBethesda en #E32021,https://t.co/tltCxmOTtt,https://pbs.twimg.com/media/E2VevsOVkAEtEre?format=jpg&name=small,2021-06-13 19:22:26,deportivo
148,Austria,Por su victoria ante Macedonia del Norte en la fase de grupos de la #EURO2020,https://t.co/9KAW2pPQuN,https://pbs.twimg.com/media/E3x9iXHXwAA4crN.jpg,2021-06-13 17:54:57,deportivo
149,Bugallo,Por el tweet que publicó @LuchoBugallo,https://t.co/8CzLXq7yoo,https://pbs.twimg.com/media/E3x8Xr5WEAYxQR9.jpg,2021-06-13 17:49:51,aislado
150,Djokovic,Porque venció a Stefanos Tsitsipas y se consagró campeón de #RolandGarros,https://t.co/Q0gmpDm9N1,https://pbs.twimg.com/media/E3x25u7XMAICQyM.jpg,2021-06-13 17:25:58,deportivo
151,Inglaterra,Porque derrotó a Croacia en la fase de grupos de la #EURO2020,https://t.co/6mgIDEp34Q,https://pbs.twimg.com/media/E3xXfsZXEAUH52-.jpg,2021-06-13 15:08:45,deportivo
152,Manes,Por el tweet que publicó @elisacarrio,https://t.co/9q1HEX9bye,https://pbs.twimg.com/media/E3xFP0kXwAMe_h7.jpg,2021-06-13 13:49:02,aislado
153,Pola,Por su artículo para La Nación,https://t.co/6PcFgKAso8,https://resizer.glanacion.com/resizer/ChOToAps0slsVMPMh4NWkFp5hpU=/879x586/smart/filters:quality(80)/cloudfront-us-east-1.images.arcpublishing.com/lanacionar/QTJZJHWDG5B5ZMQJH23QOJKIYU.jpg,2021-06-13 13:47:43,mediático
154,LeopoldoLugones,Porque hoy es el #DiaDelEscritor en conmemoración de su nacimiento,https://t.co/gEMyT4DQd0,https://pbs.twimg.com/media/E3xE0APXEAMniaU.jpg,2021-06-13 13:47:08,conmemorativo
155,NancyPazos,Por su artículo para Infobae,https://t.co/iXyDy7rhrT,https://www.infobae.com/new-resizer/Dj-4rFHbHblA_a_UyG4-_8Zq_Jg=/768x432/filters:format(jpg):quality(85)/cloudfront-us-east-1.images.arcpublishing.com/infobae/X25FG2Q5CJHXHDLANBUXEVUNWU.jpg,2021-06-13 13:46:21,mediático
156,ChrisEvans,Porque cumple 40 años,https://t.co/pI1J8T2F1M,https://pbs.twimg.com/media/E3uyO5fXoAEWYQt.jpg,2021-06-13 3:06:42,conmemorativo
157,LANECESITO,Por los comentarios sobre el tweet que publicó @SiriusZach,https://t.co/lao1XnRruz,https://pbs.twimg.com/media/E3t7c4tWUAk7F97.jpg,2021-06-12 23:07:21,aislado
158,Noriega,Por el tweet que publicó @Gus_Noriega,https://t.co/gJuUHBkOSw,https://pbs.twimg.com/media/E3t6AAfWEAEV_jP.jpg,2021-06-12 23:01:01,aislado
159,Yuya,Porque anunció que está embarazada,https://t.co/HGLGZaoXNi,https://pbs.twimg.com/media/E3t5OmyXwAIW_n-.jpg,2021-06-12 22:57:39,aislado
160,Ubisoft,Por sus anuncios en #UbiForward,https://t.co/TGolkocmhS,https://pbs.twimg.com/media/E3dsGv-X0AgV1AK?format=jpg&name=small,2021-06-12 21:59:18,aislado
161,FrancoArmani,Porque dio negativo de #COVID19,https://t.co/SFlS3sVWzz,https://pbs.twimg.com/media/E3NzFW5WUAMRAfs.jpg,2021-06-12 21:48:58,covid
162,FernandoGamboa,Porque es el nuevo director técnico de Newell's,https://t.co/JYRjaoB3pM,https://pbs.twimg.com/media/E3tirDIWUAAHiTa.jpg,2021-06-12 21:19:06,deportivo
163,Lukaku,Por sus dos goles para la victoria de Bélgica ante Rusia en la #EURO2020 y la dedicatoria para Christian Eriksen,https://t.co/jaTQ8beYDJ,https://pbs.twimg.com/amplify_video_thumb/1403797415405182988/img/m_CoCpRS42mq3PjB.jpg,2021-06-12 21:15:54,deportivo
164,Eriksen,Porque se descompensó durante el partido de Dinamarca ante Finlandia y la UEFA comunicó que 'ha sido estabilizado',https://t.co/tkzHwgTUAf,https://pbs.twimg.com/media/E3swbKYWYAArKud.jpg,2021-06-12 17:39:34,deportivo
165,Gales,Porque empató con Suiza en la fase de grupos de la #EURO2020,https://t.co/BvFhYbrzIz,https://pbs.twimg.com/media/E3sTLemXwAUdZne.jpg,2021-06-12 15:31:47,deportivo
166,AlexisSánchez,Porque sufrió una lesión muscular y se perdería la primera fase de la #CopaAmerica,https://t.co/qMoKtBlDqK,https://pbs.twimg.com/media/E3sIAN2WEAo1rD-.png,2021-06-12 14:42:57,deportivo
167,Titán,Porque se cumplen 10 años desde el último partido de Martín Palermo en la Bombonera,https://t.co/GUJOZ9wHyP,https://pbs.twimg.com/media/E3sGEvxWUAUUSUX.jpg,2021-06-12 14:34:32,conmemorativo
168,DiegoMilito,Porque cumple 42 años,https://t.co/zjvkL2oKgo,https://pbs.twimg.com/media/E3sF8z-WQAEFKEe.jpg,2021-06-12 14:33:59,conmemorativo
169,Conmebol,Porque habilitó los cambios ilimitados en la lista de la #CopaAmerica para jugadores que deban ser aislados por #COVID19,https://t.co/C4SvldLDy0,https://pbs.twimg.com/media/E3sDvsFXEA0o-xm.jpg,2021-06-12 14:24:21,covid
170,AmadeoCarrizo,Porque se cumplen 95 años desde su nacimiento,https://t.co/5u2RNRBAMp,https://pbs.twimg.com/media/E3r99olXEAI4YGY.jpg,2021-06-12 13:59:06,conmemorativo
171,TrabajoInfantil,Porque hoy es el #DíaMundialContraElTrabajoInfantil,https://t.co/VHWo20H6DY,https://pbs.twimg.com/media/E3r9xXtXMAEsyvc.jpg,2021-06-12 13:58:15,conmemorativo
172,AnaFrank,Porque se cumplen 92 años desde su nacimiento,https://t.co/sM4yufR9uC,https://pbs.twimg.com/media/E3r9Z0RWQAY0ykl.jpg,2021-06-12 13:56:39,conmemorativo
173,Delpo,Por el tweet que publicó @delpotrojuan,https://t.co/XzERbn94Ku,https://pbs.twimg.com/media/E3ofD5gXoAI4hNC.jpg,2021-06-11 21:45:13,aislado
174,Djokovic,Porque venció a Rafael Nadal y enfrentará a Stefanos Tsitsipas en la final de #RolandGarros,https://t.co/q8FsYpyJK9,https://pbs.twimg.com/media/E3oZqjBWUA0rQ5n.jpg,2021-06-11 21:21:39,deportivo
175,Italia,Porque derrotó a Turquía en la fase de grupos de la #EURO2020,https://t.co/F0iSO4rTps,https://pbs.twimg.com/media/E3oTO8RXIAUYTwh.jpg,2021-06-11 20:53:33,deportivo
176,NicolásOrsini,Porque es nuevo jugador de Boca,https://t.co/PYGpSr7sH1,https://pbs.twimg.com/media/E3oQ7tnXoAwrOQ7.jpg,2021-06-11 20:43:30,deportivo
177,CanSino,Porque el Ministerio de Salud autorizó el uso de emergencia de su vacuna #CONVIDECIA,https://t.co/Q0lSBjNcUP,https://pbs.twimg.com/media/E3oIV9yWUAUaaB8.jpg,2021-06-11 20:05:58,covid
178,AndreaBocelli,Por su presentación en la apertura de la #EURO2020,https://t.co/XDq9YFF3lx,https://pbs.twimg.com/media/E3n7CjnWUAI4xwu.jpg,2021-06-11 19:08:49,artístico
179,LosSimuladores,Por el video que publicó @CheNetflix,https://t.co/iT7ylQXO8l,https://pbs.twimg.com/amplify_video_thumb/1403372144734711814/img/rGi-9JDSIPY8q1Xx.jpg,2021-06-11 17:35:37,aislado
180,Vayanycontagien,Por el error de Alberto Fernández,https://t.co/pMxSAUSL2i,https://pbs.twimg.com/ext_tw_video_thumb/1403396727105859585/pu/img/l8mWXoXyfP_06NXl.jpg,2021-06-11 17:00:36,político
181,Tsitsipas,Porque venció a Alexander Zverev y avanzó a la final de #RolandGarros,https://t.co/YRIu775kGJ,https://pbs.twimg.com/media/E3nY_VNXwAQON0D.jpg,2021-06-11 16:39:04,deportivo
182,Lupin,Porque su parte 2 ya está disponible en Netflix,https://t.co/3oDO4VVPSt,https://pipocasclub.com.br/wp-content/uploads/2021/01/Lupin-Netflix-Series-1.jpg,2021-06-11 16:30:45,artístico
183,Gaich,Porque hizo el segundo gol para la victoria de la Selección Argentina #Sub23 ante Arabia Saudita en un partido amistoso,https://t.co/j34jmwRIQ1,https://pbs.twimg.com/media/E3nMooDWYAo0B94.jpg,2021-06-11 16:29:01,deportivo
184,JuliánÁlvarez,Porque @Argentina publicó la lista definitiva de convocados a la Selección para la #CopaAmerica,https://t.co/aGLZ7XCXbT,https://pbs.twimg.com/media/E3nQFvrXMAACzL-.jpg,2021-06-11 16:00:11,deportivo
185,SusanaGiménez,Porque informan que fue internada debido a su cuadro de #COVID19,https://t.co/7g2jj3aUyv,https://pbs.twimg.com/media/E3ejt7uWYAArADl.jpg,2021-06-11 14:54:14,covid
186,Histórico,Por las declaraciones de Victoria Donda en #Novaresio910,https://t.co/GLnoLAGXZx,https://pbs.twimg.com/ext_tw_video_thumb/1403364562146152450/pu/img/GPUMT69YtHAYDpuv.jpg,2021-06-11 14:52:48,mediático
187,Eurocopa,Porque hoy comienza la #EURO2020,https://t.co/6ntA15U7gk,https://pbs.twimg.com/media/E3m63Q1XMAcE3VG.jpg,2021-06-11 14:27:27,deportivo
188,Tehuel,Porque se cumplen tres meses desde la desaparición de Tehuel de la Torre,https://t.co/kuyG8NjGf8,https://pbs.twimg.com/media/EytEH1LW8AIQBaQ.jpg,2021-06-11 14:26:47,trágico
189,Ramón,Por su celebración en la sesión de Diputados,https://t.co/khvtTbQ8SN,https://pbs.twimg.com/ext_tw_video_thumb/1403356537951854593/pu/img/1CRcBrAxUeRubp3-.jpg,2021-06-11 14:20:56,político
190,VENCAZAME,Por la nueva canción de Maria Becerra y Tiago PZK,https://t.co/MTN7S9AIHh,https://pbs.twimg.com/media/E3jq3XwXIAILDPS.jpg,2021-06-10 23:18:42,artístico
191,JuliánÁlvarez,Porque informan que no fue desafectado de la Selección Argentina y podría ser convocado en reemplazo de otro jugador,https://t.co/DMaNACHWXT,https://pbs.twimg.com/media/E3jqGrMX0AMbkwV.jpg,2021-06-10 23:15:22,deportivo
192,Ocampos,"Porque él, Juan Foyth, José Luis Palomino y Emiliano Buendía quedaron afuera de los convocados para la #CopaAmerica",https://t.co/DtEo7sxCfO,https://pbs.twimg.com/media/E3jp8NJWYAEhTWw.jpg,2021-06-10 23:14:39,deportivo
193,Scaloni,Porque CONMEBOL publicó su lista de convocados a la Selección Argentina para la #CopaAmerica,https://t.co/mpIxQZGqTZ,https://pbs.twimg.com/media/E3jnWc7XEAYpAvb.png,2021-06-10 23:03:21,deportivo
194,Lorde,Por su nueva canción #SolarPower,https://t.co/ecbKs2RSRb,https://pbs.twimg.com/media/E3jbtxeWEAIcC9h.jpg,2021-06-10 22:12:30,artístico
195,EldenRing,Por el anuncio de su lanzamiento para el 21 de enero de 2022,https://t.co/KR8MDfcqLE,https://pbs.twimg.com/media/E3i1m-iVEAQ93q6.jpg,2021-06-10 19:55:37,aislado
196,Mauricio,Por el tweet que publicó @mauriciomacri,https://t.co/SxG6PNeqcJ,https://pbs.twimg.com/media/E3imopPWEAMwBeV.jpg,2021-06-10 18:20:35,político
197,He-Man,Por el trailer de #MastersOfTheUniverseRevelation,https://t.co/0ovOZPYRO6,https://pbs.twimg.com/amplify_video_thumb/1403016585758003203/img/gmzubn5v0eQG5YXm.jpg,2021-06-10 18:02:07,artístico
198,Ricardito,Por las declaraciones de Ricardo Alfonsín en #MañanaEsMejor,https://t.co/nuIW1lutFZ,https://pbs.twimg.com/media/E3ibMzHXEAQsyEv.png,2021-06-10 17:30:38,mediático
199,JuanBiden,Por los comentarios sobre la lista de países a los que Estados Unidos les donará vacunas contra el #COVID19,https://t.co/KLsjDE9Pzk,https://pbs.twimg.com/media/E3iPAEqX0Aszvde.png,2021-06-10 16:37:22,covid
200,Delta,Por las declaraciones de Florencia Carignano en #CronicaAnunciada,https://t.co/qlgYoegHk5,https://pbs.twimg.com/ext_tw_video_thumb/1402989961368854537/pu/img/KztsU4Zn7psixd2M.jpg,2021-06-10 15:16:35,mediático
201,GossipGirl,Por el trailer de su nueva versión para #HBOMax,https://t.co/SzhfBIOCTl,https://pbs.twimg.com/media/E3fimnqXwAIP9uU.jpg,2021-06-10 15:03:03,artístico
202,CocoSily,Por el cruce de Fernando Iglesias y Leandro Santoro en #ADosVoces,https://t.co/nRR3Qoytaj,https://pbs.twimg.com/ext_tw_video_thumb/1403004435861622792/pu/img/PBKXLWb7ybrpnOG6.jpg,2021-06-10 15:02:32,mediático
203,MalvinasArgentinas,Porque hoy es el Día de la Afirmación de los Derechos Argentinos sobre las Islas Malvinas,https://t.co/Nr7ceqdCZ2,https://pbs.twimg.com/media/E3h5NKVWUAU2oYn.jpg,2021-06-10 15:02:06,conmemorativo
204,Marisela,Por un video publicado en TikTok,https://t.co/6nak9cQFQX,https://pbs.twimg.com/ext_tw_video_thumb/1402814143397306369/pu/img/K3NuJbMh_NuG4h94.jpg,2021-06-10 2:26:48,aislado
205,LadyGaga,Por la imitación que hizo Barby Franco en #LaAcademia,https://t.co/KO28bl0ONP,https://pbs.twimg.com/amplify_video_thumb/1402790615881035777/img/Umk4xx6XFhWsNc6p.jpg,2021-06-10 1:01:23,mediático
206,Doja,Porque anunció la lista de canciones de su próximo álbum #PlanetHer,https://t.co/g0m3kPhdE2,https://pbs.twimg.com/media/E3e2sX3WUAQ9Va5.jpg,2021-06-10 0:52:16,artístico
207,Jair,Por el tweet que publicó @jairbolsonaro,https://t.co/UtU3irQN7I,https://pbs.twimg.com/media/E3ex_vVWEA0_UKi.jpg,2021-06-10 0:31:45,político
208,Lorna,Por tweets que publicó @susalorna,https://t.co/Jxn80n8U1A,https://pbs.twimg.com/media/E3elmalWUAIZfos.png,2021-06-09 23:37:35,aislado
209,Susana,Porque informan que dio positivo de #COVID19,https://t.co/7g2jj3aUyv,https://pbs.twimg.com/media/E3ejt7uWYAArADl.jpg,2021-06-09 23:29:22,covid
210,MarkZuckerberg,"Porque se reportan fallas en el funcionamiento de Facebook, Instagram y WhatsApp",https://t.co/1RTAoUe6bn,https://pbs.twimg.com/media/Ew3Ee1lWUAAEJ4x.jpg,2021-06-09 22:46:32,aislado
211,Eladio,Por la nueva #BZRPMusicSessions,https://t.co/qT98bCHLxS,https://pbs.twimg.com/media/E3eReAjX0AEIxNm.jpg,2021-06-09 22:09:38,artístico
212,Djokovic,Porque venció a Matteo Berrettini y enfrentará a Rafael Nadal en semifinales de #RolandGarros,https://t.co/fWVVB1mz9B,https://pbs.twimg.com/media/E3eMw_tXoAAj7dw.jpg,2021-06-09 21:54:35,deportivo
213,Biondini,Por el tweet que publicó @BiondiniAR,https://t.co/n3LNcXz8FA,https://pbs.twimg.com/media/E3d9lmxWUAAFwCM.jpg,2021-06-09 20:42:46,aislado
214,StrangerThings,"Porque Netflix anunció que Amybeth McNulty, Myles Truitt, Regina Ting Chen y Grace Van Dien serán parte de la cuarta temporada",https://t.co/8r9Nb4TwJS,https://pbs.twimg.com/media/E3dce0UWUAImjAK.jpg,2021-06-09 18:18:08,artístico
215,INADI,Por las críticas hacia estas declaraciones de Alberto Fernández,https://t.co/zgIsjZuQUJ,https://pbs.twimg.com/ext_tw_video_thumb/1402686810225008651/pu/img/j_5nY4XNKipz_NQh.jpg,2021-06-09 17:59:47,político
216,Nadal,Porque venció a Diego Schwartzman y avanzó a semifinales de #RolandGarros,https://t.co/VVLMnlbF0q,https://pbs.twimg.com/media/E3dBQpgXwAYx2wj.jpg,2021-06-09 16:19:12,deportivo
217,Battlefield,Por el trailer de #Battlefield2042,https://t.co/Ren1rLEZx1,https://pbs.twimg.com/media/E3ciC5HXMAEIpMo.jpg,2021-06-09 15:38:12,aislado
218,FlorenciaKirchner,Porque informan que se encuentra internada en el Sanatorio Otamendi,https://t.co/Bz1YBwKoMt,https://pbs.twimg.com/media/E3c26r8XoAM-Q6N.jpg,2021-06-09 15:34:01,trágico
219,ElSalvador,Porque aprobó la ley que reconoce al #Bitcoin como moneda de curso legal en el país,https://t.co/UcUPVZ0sGg,https://pbs.twimg.com/media/E3coPALXIAYiOCd.jpg,2021-06-09 14:29:51,político
220,Más30,Por un artículo de Infobae,https://t.co/oZMllEFUfd,https://pbs.twimg.com/media/E3clQA1WUAwvftT.png,2021-06-09 14:16:49,mediático
221,Carnota,Por sus dichos en #MasVoces y la corrección de Ignacio Previgliano,https://t.co/3veLG72PIN,https://pbs.twimg.com/ext_tw_video_thumb/1402627766089138176/pu/img/55ktUP9nVCEFmRxV.jpg,2021-06-09 14:05:50,mediático
222,Wolverine,Por el tweet que publicó @todonoticias,https://t.co/zFCc9eCEPH,https://pbs.twimg.com/media/E3cg58bWUAMyivn.jpg,2021-06-09 13:57:50,aislado
223,FernandaVallejos,Por el tweet que publicó,https://t.co/ml3fSRdQMS,https://pbs.twimg.com/media/E3cguraX0AQ_865.png,2021-06-09 13:57:04,aislado
224,Loki,Por el estreno de su primer episodio en #DisneyPlus,https://t.co/473TOlo4bD,https://pbs.twimg.com/media/E3cgm3pXIAYD1il.jpg,2021-06-09 13:56:32,artístico
225,NicolásColazo,Porque regresó a Gimnasia,https://t.co/cGBDPr0X5B,https://pbs.twimg.com/media/E3Y1nMqXEAY9q_J.jpg,2021-06-08 20:49:49,deportivo
226,Saúl,Por tweets que publicaron @V_deVanesa y @saul4913,https://t.co/JOWlGnua5u,https://pbs.twimg.com/media/E3YjzxeXwAErYeP.jpg,2021-06-08 19:32:02,aislado
227,ChinoMaidana,Porque respondió a la propuesta que le hizo Yao Cabrera para pelear contra él,https://t.co/ALbUkCXIH8,https://pbs.twimg.com/ext_tw_video_thumb/1402326370768896000/pu/img/V9igRNfAS84A6VVH.jpg,2021-06-08 18:07:24,aislado
228,LorenaMaciel,Por su cruce con Alfredo López en #TNde10a13,https://t.co/q8NQ17lLCs,https://pbs.twimg.com/ext_tw_video_thumb/1402322534146641935/pu/img/AEjpYDwpVP2ApMwp.jpg,2021-06-08 17:53:10,mediático
229,EnzoKalinski,Porque es nuevo jugador de Argentinos Juniors,https://t.co/1Q5EapIoIO,https://pbs.twimg.com/media/E3YDWuyX0AUZPpw.jpg,2021-06-08 17:10:15,deportivo
230,Sub23,Porque la Selección Argentina venció a Dinamarca en un partido amistoso,https://t.co/P8Ek6Ww5kN,https://pbs.twimg.com/media/E3X_073XwAMP4ho.jpg,2021-06-08 16:54:50,deportivo
231,Negri,Por el tweet que publicó @marioraulnegri,https://t.co/JK20NGzdni,https://pbs.twimg.com/media/E3X_R2gX0AAKsSo.jpg,2021-06-08 16:52:26,político
232,NicolásVaquer,Por sus declaraciones sobre la negociación de Pfizer con Argentina,https://t.co/B2opyJgmKa,https://pbs.twimg.com/ext_tw_video_thumb/1402306776859557896/pu/img/PMa0txRdsGpcoeHt.jpg,2021-06-08 16:49:40,covid
233,Delpo,Por el video que publicó @delpotrojuan,https://t.co/9V56hjaShZ,https://pbs.twimg.com/ext_tw_video_thumb/1402283078207389704/pu/img/U3iSlOdsPWjYEOc4.jpg,2021-06-08 15:44:12,deportivo
234,JavierMascherano,Porque cumple 37 años,https://t.co/75j5Q575N4,https://pbs.twimg.com/media/E3XhDifWQAIbxtI.jpg,2021-06-08 14:40:23,conmemorativo
235,IndioSolari,Por sus declaraciones en #PlegariasAtendidas,https://t.co/8AKVC5eGqt,https://pbs.twimg.com/media/E3XfiRGWEA0SCAe.jpg,2021-06-08 14:33:46,mediático
236,Fastly,Porque las fallas en su servicio provocaron la caída de sitios web a nivel mundial,https://t.co/wyGYLb3YYT,https://pbs.twimg.com/media/E3XdTrtXEAoT-my.jpg,2021-06-08 14:24:01,aislado
237,Macron,Por el golpe que recibió durante su visita a Tain-l'Hermitage,https://t.co/azegQ2Ok4p,https://pbs.twimg.com/ext_tw_video_thumb/1402262936886943746/pu/img/gu13h8RrQH9lFIz8.jpg,2021-06-08 13:56:01,político
238,Nicaragua,Por las declaraciones de Patricia Bullrich en #DesdeElLlano,https://t.co/VG9djWsN3I,https://pbs.twimg.com/media/E3U_rwvXwAEx4v_.jpg,2021-06-08 2:55:21,mediático
239,Nets,Por su victoria ante Milwaukee Bucks en el #Juego2 de los #NBAPlayoffs,https://t.co/BCZ7yuySb8,https://pbs.twimg.com/media/E3U0wZtWYAM2ict.jpg,2021-06-08 2:07:36,deportivo
240,Ofelia,Porque contó que recibió la vacuna contra el #COVID19,https://t.co/C2uvCIhkNI,https://pbs.twimg.com/media/E3U0o_tXwAA93-u.jpg,2021-06-08 2:07:06,covid
241,Pampita,Por su cruce con Charlotte Caniggia en #Showmatch,https://t.co/nqztUQistW,https://pbs.twimg.com/ext_tw_video_thumb/1402078848284508161/pu/img/23Bk-gkyPNeClDaR.jpg,2021-06-08 1:50:38,mediático
242,Quilmes,Por su anuncio para la #CopaAmerica,https://t.co/M6qRM1u8kp,https://pbs.twimg.com/media/E3Tf116WUAQk2OO.jpg,2021-06-07 22:02:52,deportivo
243,YaoCabrera,Porque propuso una pelea contra el Chino Maidana y aseguró que si pierde se va de Argentina para siempre,https://t.co/vDPKGLfOFN,https://pbs.twimg.com/media/E3Tv1WBWQAQJYgL.jpg,2021-06-07 21:06:29,aislado
244,TENGOPAPÁ,Por un video publicado en TikTok,https://t.co/Guqq18zzFy,https://pbs.twimg.com/media/E3TvoIcXIAArGBJ.jpg,2021-06-07 21:05:34,aislado
245,Lorde,Por el anuncio de #SolarPower en su página web,https://t.co/G28uIFiOaq,https://images.squarespace-cdn.com/content/v1/58b1faf01b631bccf54e27dc/1624296941292-AIFOV3Q4ER0ARAXDD2EA/ke17ZwdGBToddI8pDm48kFfJYLfh_hCmqiPfKFl-J4R7gQa3H78H3Y0txjaiv_0fDoOvxcdMmMKkDsyUqMSsMWxHk725yiiHCCLfrh8O1z5QHyNOqBUUEtDDsRWrJLTmD3GJgI7_jN764QbmlaUTkxPQvmZjuSqecBqqki28RKJJ0en-9j-xhZ-qiy4Vp9_Q/FINALLorde_SolarPowerTour_Announce-%281%29.jpg?format=1500w,2021-06-07 21:04:59,artístico
246,Nadal,Porque derrotó a Jannik Sinner y enfrentará a Diego Schwartzman en los cuartos de #RolandGarros,https://t.co/oilp2u98fZ,https://pbs.twimg.com/media/E3TC8XRWYAA174-.jpg,2021-06-07 17:50:21,deportivo
247,MoraGodoy,Por sus declaraciones en #VivianaConVos,https://t.co/JwnI6R8A7S,https://pbs.twimg.com/ext_tw_video_thumb/1401952353700528130/pu/img/gjpfK_p4EFhanHxb.jpg,2021-06-07 17:22:07,mediático
248,ShadowBone,Porque Netflix anunció que tendrá una segunda temporada,https://t.co/XGq0lBhsfW,https://pbs.twimg.com/media/E3S2cJnX0AEkWc7.jpg,2021-06-07 16:55:43,artístico
249,Misiones,Por las elecciones legislativas en esa provincia,https://t.co/dZV7qW6Isu,https://pbs.twimg.com/media/E3SOz5iXwAI_6VY.png,2021-06-07 14:02:34,político
250,Peque,Porque Diego Schwartzman venció a Jan-Lennard Struff y avanzó a cuartos de #RolandGarros,https://t.co/GQIpFELbkX,https://pbs.twimg.com/media/E3SMCxAXEAQAbaF.jpg,2021-06-07 13:50:29,deportivo
251,EduardoDuhalde,Por sus declaraciones en #PuntoCero,https://t.co/t8lSsl8A9P,https://pbs.twimg.com/ext_tw_video_thumb/1401894999101480969/pu/img/uU45M6SthhdOBGRE.jpg,2021-06-07 13:33:45,político
252,LaAyres,Porque hoy es el #DiaDelPeriodista en conmemoración de su primera publicación,https://t.co/s9ab9awe8X,https://pbs.twimg.com/media/E3SIII9WEAMmdjO.jpg,2021-06-07 13:33:22,conmemorativo
253,Mayweather,Porque se enfrentó a Logan Paul en una pelea de exhibición,https://t.co/8WNFg5xaeE,https://pbs.twimg.com/media/E3P_pIvWUAEE39Y.jpg,2021-06-07 3:37:05,deportivo
254,Acción,Por el regreso de #PoliciasEnAcción,https://t.co/Tb7z0eTZLm,https://pbs.twimg.com/amplify_video_thumb/1401723289865756674/img/Qjx499GdPSZT4bmk.jpg,2021-06-07 2:13:57,mediático
255,Alario,Porque informan que River pretende su regreso,https://t.co/Q2WmPjwnKb,https://pbs.twimg.com/media/E3Pp81YXwA8lecZ.jpg,2021-06-07 2:02:17,deportivo
256,Lanata,Por el estreno de #PPT10Años en El Trece,https://t.co/QnOLYlVuy9,https://pbs.twimg.com/media/E3Pp28oXoAwLrt1.jpg,2021-06-07 2:01:53,mediático
257,EladioCarrion,Por su participación en la próxima #BZRPMusicSessions,https://t.co/PBqKHze0U2,https://pbs.twimg.com/ext_tw_video_thumb/1401691393089748993/pu/img/5-llrTuhYzMeNvE7.jpg,2021-06-07 0:35:53,artístico
258,Clippers,Porque vencieron a Dallas Mavericks y avanzaron a semifinales de conferencia en los #NBAPlayoffs,https://t.co/tTmd2yepNR,https://pbs.twimg.com/media/E3O3R9tXoAEW6XI.jpg,2021-06-06 22:20:55,deportivo
259,LaAFA,Porque confirmó la participación de la Selección Argentina en la #CopaAmerica,https://t.co/dUN0u3QrS0,https://pbs.twimg.com/media/E3N3RFbWYAQrgJp.jpg,2021-06-06 17:41:14,deportivo
260,Enamorada,Por las respuestas a un tweet de @v1nidiesel_,https://t.co/5mqy2BlQb2,https://pbs.twimg.com/media/E3LzKSsXMAAt8Dv?format=jpg&name=small,2021-06-06 17:40:51,aislado
261,FrancoArmani,Porque no viajará a Colombia con la Selección Argentina debido a que continúa dando positivo de #COVID19,https://t.co/SFlS3sVWzz,https://pbs.twimg.com/media/E3NzFW5WUAMRAfs.jpg,2021-06-06 17:22:57,covid
262,Meghan,"Porque ella y el príncipe Harry anunciaron el nacimiento de su hija, Lilibet Diana Mountbatten-Windsor",https://t.co/hi82TxcyXT,https://pbs.twimg.com/media/E3NydcFXoAcA2sZ.jpg,2021-06-06 17:20:14,aislado
263,RolandGarros,Porque Roger Federer anunció que se retira de su edición 2021,https://t.co/URp0LbQm7a,https://pbs.twimg.com/media/E3NYrBaWYAsuUx-.jpg,2021-06-06 15:27:34,deportivo
264,Checo,Porque Sergio Pérez ganó el #AzerbaijanGP de la #F1,https://t.co/t59BxjZSil,https://pbs.twimg.com/media/E3NJRuhXEAIIsuc.jpg,2021-06-06 14:20:18,deportivo
265,GraciasMuñeco,Porque se cumplen 7 años desde que Marcelo Gallardo asumió como director técnico de River,https://t.co/DZ2FmJvLss,https://pbs.twimg.com/media/E3NE28CWQAQ8-Qv.jpg,2021-06-06 14:00:59,conmemorativo
266,Normandía,Porque se cumplen 77 años desde el desembarco de Normandía durante la Segunda Guerra Mundial,https://t.co/4HATQEAIlq,https://pbs.twimg.com/media/E3NEES7WYAMz0c-.jpg,2021-06-06 13:57:32,conmemorativo
267,Ponzinibbio,Porque derrotó a Miguel Baeza en #UFCVegas28,https://t.co/dMr6lXUlUb,https://pbs.twimg.com/media/E3KT8FeWEAUD-Td.jpg,2021-06-06 1:08:01,deportivo
268,Harden,Porque se retiró lesionado del partido de Brooklyn Nets ante Milwaukee Bucks en los #NBAPlayoffs,https://t.co/0KpCccNu2I,https://pbs.twimg.com/media/E3KITNDWEAU9bsZ.jpg,2021-06-06 0:17:10,deportivo
269,Roger,Porque venció a Dominik Koepfer y avanzó a octavos de #RolandGarros,https://t.co/UYfMhsjgAO,https://pbs.twimg.com/media/E3Jzr-SXMAMYUzx.jpg,2021-06-05 22:47:06,deportivo
270,ElSalvador,Porque su presidente anunció que enviará un proyecto de ley al Congreso para convertir al #Bitcoin en moneda de curso legal,https://t.co/gPEtgMu0Vw,https://pbs.twimg.com/media/EpXclOrW8AEFqgJ.jpg,2021-06-05 21:19:23,político
271,Zaina,Porque ascendió a #FMSArgentina,https://t.co/4uNbPnw3Nz,https://pbs.twimg.com/media/E3JbtBOXwAMpCzg.jpg,2021-06-05 21:02:19,deportivo
272,KateWinslet,Por un artículo de El País,https://t.co/9R6hbpWgAL,https://pbs.twimg.com/media/E3JOr5DXEAITq4C.png,2021-06-05 20:05:27,mediático
273,TeenWolf,Porque se cumplen 10 años desde su estreno,https://t.co/XWgmgud0U1,https://pbs.twimg.com/media/E3IM7rJXoAE1nrS.jpg,2021-06-05 15:18:10,conmemorativo
274,Leclerc,Porque consiguió la pole position en el #AzerbaijanGP,https://t.co/mBStZ35imq,https://pbs.twimg.com/media/E3IJbtlXMAIFn-A.jpg,2021-06-05 15:02:53,deportivo
275,MarthaArgerich,Porque cumple 80 años,https://t.co/EZGrXgMpQn,https://pbs.twimg.com/media/E3IJQFTWQAMrprc.jpg,2021-06-05 15:02:05,conmemorativo
276,Colón,Porque venció a Racing y se consagró campeón de la #CopaDeLaLiga,https://t.co/xjZHv8iNKV,https://pbs.twimg.com/media/E3E6hT2XwAA8K2U.jpg,2021-06-05 0:00:43,deportivo
277,Pitana,Por cómo retiró de la cancha a Christian Bernardi en la final de la #CopaDeLaLiga,https://t.co/uk8NhDqUK3,https://pbs.twimg.com/amplify_video_thumb/1400961711734206467/img/Czl4gUkN9w_a4yMc.jpg,2021-06-04 23:54:03,deportivo
278,NacimosBoca,Por la frase de Carlos Tevez en su despedida del club,https://t.co/5RcflHFp6k,https://pbs.twimg.com/ext_tw_video_thumb/1400940539076354050/pu/img/wSNwam5pKXesi2us.jpg,2021-06-04 22:20:44,deportivo
279,AngelaTorres,Porque cantó el Himno Nacional en la final de la #CopaDeLaLiga,https://t.co/RgwBu9VNb5,https://pbs.twimg.com/media/E3Eg4lZXoAMFy3-.jpg,2021-06-04 22:11:12,artístico
280,Apache,Porque Carlos Tevez anunció su salida de Boca,https://t.co/TGS11RPvJE,https://pbs.twimg.com/media/E3EbYQ6WEAYAXqb.jpg,2021-06-04 21:42:48,deportivo
281,Pergolini,Por la historia que publicó en Instagram,https://t.co/gKQV76sR4J,https://pbs.twimg.com/media/E3ESN3CXwAsdzud.jpg,2021-06-04 21:02:46,aislado
282,Florencio,Por el tweet que publicó @RandazzoF,https://t.co/Y1hFgCTn0C,https://pbs.twimg.com/media/E3DyVTqXwAAA558.jpg,2021-06-04 18:43:28,político
283,Putin,Porque él y Alberto Fernández anunciaron el inicio de la producción de la vacuna #SputnikV en Argentina,https://t.co/Xx9gie7gVo,https://pbs.twimg.com/media/E3Dx5e-XEAILO1W.jpg,2021-06-04 18:41:34,covid
284,AngelinaJolie,Porque cumple 46 años,https://t.co/c1jekAq7lN,https://pbs.twimg.com/media/E3DEQNlWQAE0NUe.jpg,2021-06-04 15:22:09,conmemorativo
285,Covaxin,Porque la Provincia de Buenos Aires anunció un acuerdo para obtener esa vacuna contra el #COVID19,https://t.co/OLYMg02vnT,https://pbs.twimg.com/ext_tw_video_thumb/1400835032021864450/pu/img/3MEy4-9Ovux4kWWG.jpg,2021-06-04 15:21:47,covid
286,BadBunny,Por su nueva canción #Yonaguni,https://t.co/DEM5wkJx3b,https://pbs.twimg.com/media/E3C_gvoXMAMg0ra.jpg,2021-06-04 15:01:26,artístico
287,Hace75,Porque se cumplen 75 años desde que Juan Domingo Perón asumió su primera presidencia,https://t.co/W8ALPyz1Gq,https://pbs.twimg.com/media/E3C-wZXX0AMVicq.jpg,2021-06-04 14:58:08,conmemorativo
288,CrisMorena,Por su comentario hacia Jey Mammon en #LosMammones,https://t.co/7V2y214EZN,https://pbs.twimg.com/ext_tw_video_thumb/1400826704000602113/pu/img/Ivka-lIOA2db6lXN.jpg,2021-06-04 14:49:11,mediático